Customer ID,Transaction ID,Date,Product ID,Item Cost
1209690251,T23562,2015/09/13,P32565,19.99
1209690251,T37282,2014/03/25,P02291,6.99
1209690251,T33180,2016/07/11,P76615,1.99
1209690251,T30768,2018/05/17,P61235,15.99
1209690251,T04856,2015/09/17,P82222,7.99
1209690251,T19033,2018/01/21,P33162,1.99
1209690251,T13239,2013/03/09,P02291,19.99
1209690251,T09302,2015/04/14,P33162,15.99
1209690251,T44154,2015/06/19,P39328,9.99
1209690251,T13823,2016/11/01,P02291,16.99
2053561346,T06294,2017/07/12,P92449,20.99
2053561346,T35716,2016/08/22,P58225,1.99
2053561346,T13077,2014/01/12,P76615,16.99
2053561346,T23025,2016/07/22,P61235,16.99
2053561346,T49690,2016/11/18,P33162,9.99
2671106101,T11771,2015/11/18,P32565,14.99
2671106101,T34801,2014/05/27,P58225,1.99
2671106101,T06679,2014/11/16,P32565,6.99
2671106101,T11001,2015/07/16,P19498,1.99
2671106101,T24614,2014/10/13,P19498,10.99
2671106101,T02818,2014/11/00,P92449,10.99
2671106101,T42174,2017/06/26,P58225,2.99
2671106101,T21070,2017/03/21,P32565,13.99
2671106101,T42729,2017/08/21,P58225,16.99
2671106101,T00842,2015/08/03,P32565,1.99
2671106101,T44628,2016/05/14,P82222,12.99
2671106101,T23391,2016/00/16,P76615,1.99
2671106101,T24416,2015/04/02,P19498,4.99
2671106101,T48268,2016/05/15,P39328,4.99
2671106101,T37667,2015/05/25,P32565,8.99
2671106101,T12306,2017/06/04,P58225,12.99
2671106101,T46647,2015/03/07,P58225,19.99
2671106101,T00552,2017/00/13,P61235,14.99
2671106101,T11229,2013/04/26,P58225,9.99
2671106101,T17653,2016/09/16,P19498,10.99
2671106101,T16903,2017/07/14,P58225,20.99
2671106101,T36919,2014/11/13,P58225,8.99
2671106101,T34752,2018/06/12,P92449,3.99
2671106101,T29446,2014/07/14,P61235,3.99
2671106101,T33225,2016/11/22,P92449,10.99
2760114372,T31117,2014/11/18,P82222,1.99
2760114372,T21388,2015/08/01,P58225,20.99
2760114372,T17081,2013/03/26,P61235,0.99
2760114372,T12417,2016/04/08,P58225,19.99
2760114372,T39833,2018/05/27,P32565,12.99
2760114372,T21948,2018/01/22,P58225,9.99
2760114372,T40821,2018/08/23,P76615,10.99
2760114372,T43346,2017/08/02,P92449,19.99
2760114372,T39957,2014/00/12,P32565,8.99
2760114372,T49900,2017/04/19,P82222,17.99
2760114372,T24800,2016/04/17,P02291,13.99
2760114372,T21856,2013/00/27,P58225,8.99
2760114372,T39809,2015/01/09,P58225,13.99
2760114372,T08269,2015/01/24,P82222,13.99
2760114372,T40273,2014/03/10,P19498,9.99
2760114372,T45043,2017/04/04,P76615,5.99
2760114372,T03737,2017/06/09,P39328,2.99
2760114372,T13201,2017/04/04,P58225,9.99
2760114372,T20303,2016/02/08,P82222,1.99
2760114372,T21098,2013/11/25,P76615,20.99
2760114372,T26217,2015/03/25,P33162,2.99
2760114372,T42539,2015/08/11,P33162,7.99
2760114372,T28876,2017/04/06,P19498,2.99
2760114372,T37925,2016/01/12,P02291,13.99
2760114372,T06720,2014/05/10,P02291,11.99
3251575310,T33556,2013/00/01,P02291,18.99
3251575310,T15284,2014/08/16,P61235,19.99
3251575310,T16715,2018/08/25,P33162,5.99
3251575310,T07706,2015/02/02,P33162,9.99
3251575310,T11503,2016/07/26,P32565,19.99
3251575310,T19909,2015/07/21,P61235,4.99
3251575310,T10893,2016/06/22,P32565,15.99
3251575310,T43948,2016/03/12,P32565,15.99
3251575310,T30982,2018/07/15,P76615,0.99
3251575310,T00217,2017/10/10,P39328,18.99
3251575310,T37679,2015/10/05,P19498,15.99
3251575310,T04736,2014/03/26,P61235,2.99
3251575310,T22422,2015/00/02,P39328,18.99
3251575310,T29128,2017/10/08,P33162,9.99
3251575310,T00846,2017/02/06,P02291,7.99
3251575310,T10278,2017/08/06,P76615,0.99
3251575310,T23258,2014/10/24,P76615,9.99
3251575310,T16220,2014/09/09,P19498,7.99
3251575310,T49301,2016/05/18,P33162,7.99
3251575310,T43925,2015/09/15,P19498,2.99
3251575310,T21572,2015/06/00,P61235,3.99
3251575310,T47675,2013/01/20,P61235,17.99
3251575310,T18055,2017/07/17,P58225,9.99
3251575310,T07061,2016/10/18,P76615,17.99
3251575310,T18298,2014/10/07,P02291,6.99
3251575310,T31042,2015/06/05,P82222,10.99
3251575310,T48942,2014/01/12,P61235,4.99
3251575310,T03672,2015/08/17,P82222,9.99
3251575310,T43790,2016/01/10,P61235,1.99
3251575310,T43703,2014/11/15,P32565,14.99
3251575310,T23041,2013/05/20,P39328,5.99
3251575310,T02476,2013/03/09,P58225,1.99
3251575310,T44263,2018/07/24,P02291,14.99
3251575310,T37167,2013/00/01,P33162,20.99
3251575310,T25051,2014/00/10,P76615,7.99
3251575310,T17599,2016/03/20,P58225,18.99
3251575310,T30623,2015/01/22,P19498,2.99
3251575310,T00794,2015/04/22,P39328,4.99
3251575310,T13258,2015/07/24,P58225,3.99
3251575310,T47253,2018/01/23,P61235,16.99
3251575310,T42165,2015/03/19,P92449,1.99
3251575310,T14060,2017/09/14,P92449,15.99
3251575310,T12584,2016/09/19,P61235,3.99
3251575310,T39442,2016/02/16,P92449,17.99
3251575310,T38686,2013/05/20,P92449,7.99
3251575310,T17795,2013/00/10,P76615,14.99
3251575310,T03476,2017/03/02,P19498,10.99
3251575310,T06396,2018/10/17,P02291,7.99
3251575310,T00826,2017/05/03,P39328,13.99
3251575310,T02249,2016/10/20,P32565,14.99
3251575310,T09850,2018/04/06,P92449,3.99
3251575310,T26602,2016/08/20,P33162,2.99
3251575310,T03938,2016/04/00,P19498,12.99
3251575310,T30134,2015/07/13,P92449,17.99
3251575310,T13064,2018/11/20,P76615,11.99
3251575310,T30267,2017/10/12,P76615,18.99
3251575310,T17088,2013/06/13,P76615,2.99
3251575310,T29890,2014/09/24,P61235,20.99
3251575310,T39979,2018/05/18,P33162,7.99
3251575310,T42719,2015/08/09,P76615,20.99
3663438817,T40090,2016/07/17,P76615,11.99
3663438817,T40198,2013/11/22,P32565,2.99
3663438817,T17167,2016/01/09,P19498,1.99
3663438817,T28800,2017/00/14,P19498,14.99
3663438817,T07246,2016/04/13,P32565,5.99
3663438817,T47475,2018/03/22,P33162,17.99
3663438817,T13743,2014/01/23,P19498,13.99
3663438817,T10099,2015/10/11,P82222,4.99
3663438817,T42872,2017/09/11,P58225,15.99
3663438817,T33471,2014/00/21,P02291,19.99
3663438817,T14135,2017/09/23,P39328,10.99
3663438817,T34809,2013/11/07,P76615,7.99
3663438817,T42054,2014/04/14,P02291,17.99
3663438817,T18928,2016/04/01,P76615,10.99
3663438817,T01927,2015/08/23,P82222,4.99
3663438817,T31424,2017/11/02,P39328,8.99
3663438817,T07885,2015/07/11,P39328,10.99
3663438817,T46023,2015/02/17,P19498,5.99
3663438817,T36527,2017/06/23,P82222,1.99
3663438817,T45102,2014/06/03,P58225,14.99
3663438817,T32491,2017/02/03,P39328,4.99
3663438817,T20940,2014/06/11,P33162,19.99
3663438817,T38506,2014/04/01,P33162,5.99
3663438817,T25727,2017/05/19,P33162,0.99
3663438817,T46793,2017/11/04,P02291,0.99
3663438817,T37447,2018/10/16,P58225,0.99
3663438817,T30046,2013/10/09,P58225,16.99
3663438817,T19156,2015/08/18,P32565,0.99
3663438817,T33933,2017/02/08,P33162,8.99
3663438817,T34676,2016/09/22,P82222,20.99
3663438817,T26385,2017/07/15,P76615,17.99
3663438817,T34111,2016/09/17,P33162,5.99
3663438817,T22048,2014/09/16,P39328,7.99
3663438817,T29636,2014/01/24,P02291,17.99
3663438817,T40740,2017/10/26,P82222,3.99
3663438817,T13667,2017/02/15,P82222,5.99
3663438817,T14113,2018/02/24,P33162,12.99
3663438817,T46714,2018/07/17,P76615,15.99
3663438817,T41005,2018/02/00,P02291,3.99
3663438817,T17505,2018/10/15,P19498,13.99
4165102963,T49546,2017/01/09,P61235,11.99
4165102963,T42385,2015/00/25,P19498,2.99
4165102963,T44254,2018/02/04,P58225,17.99
4165102963,T47718,2015/09/16,P32565,2.99
4165102963,T40712,2015/01/10,P39328,17.99
4165102963,T48801,2014/08/20,P39328,12.99
4165102963,T33282,2015/09/20,P58225,8.99
4165102963,T27273,2016/02/02,P82222,5.99
4165102963,T33961,2014/10/16,P82222,7.99
4165102963,T28888,2017/06/20,P76615,3.99
4165102963,T46692,2014/05/08,P02291,17.99
4165102963,T48914,2015/01/14,P82222,1.99
4165102963,T23374,2014/07/12,P32565,3.99
4165102963,T36165,2014/01/07,P76615,1.99
4165102963,T35660,2015/05/08,P92449,6.99
4165102963,T41547,2016/04/17,P92449,17.99
4165102963,T18958,2018/04/24,P76615,10.99
4165102963,T19501,2014/02/13,P39328,18.99
4165102963,T44086,2015/08/14,P82222,18.99
4165102963,T21009,2015/04/00,P39328,9.99
4165102963,T22513,2017/04/05,P19498,4.99
4165102963,T13909,2017/00/00,P33162,13.99
4165102963,T43770,2017/11/11,P61235,12.99
4165102963,T17129,2015/08/08,P61235,16.99
4165102963,T32103,2014/02/10,P39328,14.99
4165102963,T14159,2017/03/04,P82222,0.99
4165102963,T46346,2015/02/17,P76615,13.99
4165102963,T47097,2017/09/25,P32565,6.99
4165102963,T08855,2016/07/22,P58225,3.99
4165102963,T08871,2018/08/18,P39328,3.99
4165102963,T11118,2013/02/10,P76615,14.99
4165102963,T26991,2015/03/00,P33162,11.99
4165102963,T44389,2016/08/25,P02291,11.99
4165102963,T24175,2015/01/12,P61235,10.99
4165102963,T01049,2017/02/18,P76615,11.99
4165102963,T15202,2015/02/14,P33162,4.99
4165102963,T18345,2014/03/20,P76615,1.99
4165102963,T44256,2015/06/00,P76615,17.99
4165102963,T06217,2017/03/16,P92449,6.99
4165102963,T24295,2015/08/26,P19498,14.99
4165102963,T20075,2016/11/10,P02291,11.99
4165102963,T28554,2016/10/25,P32565,8.99
4165102963,T14323,2015/09/10,P02291,14.99
4165102963,T47469,2017/00/13,P02291,12.99
4165102963,T06142,2016/05/09,P32565,13.99
4165102963,T35011,2016/01/23,P19498,3.99
4165102963,T22527,2016/03/17,P61235,14.99
4165102963,T08151,2016/04/17,P32565,3.99
4165102963,T44024,2017/04/06,P02291,5.99
4165102963,T07233,2017/01/24,P82222,2.99
4165102963,T11761,2017/04/17,P82222,18.99
4165102963,T39281,2017/08/14,P92449,5.99
4165102963,T42796,2018/07/10,P58225,18.99
4165102963,T38806,2017/03/26,P61235,5.99
4165102963,T42090,2015/03/15,P32565,20.99
4165102963,T24746,2013/01/00,P76615,19.99
4165102963,T09201,2016/08/24,P19498,7.99
4165102963,T25289,2015/08/06,P82222,10.99
4165102963,T38648,2015/03/19,P61235,4.99
4165102963,T00384,2015/06/20,P82222,5.99
4165102963,T11829,2014/04/25,P39328,9.99
4165102963,T19861,2016/10/21,P02291,10.99
4165102963,T25806,2013/06/18,P61235,3.99
4165102963,T12895,2017/07/03,P39328,2.99
4165102963,T16380,2014/11/16,P19498,11.99
4165102963,T11000,2015/05/09,P39328,17.99
4165102963,T29247,2014/10/23,P58225,4.99
4165102963,T25639,2017/07/12,P02291,1.99
4165102963,T31152,2018/01/06,P19498,17.99
4165102963,T43015,2018/02/17,P61235,9.99
4165102963,T23485,2017/05/03,P33162,11.99
4165102963,T47163,2017/05/26,P39328,2.99
4165102963,T16772,2015/02/03,P19498,11.99
4165102963,T09780,2018/00/06,P82222,19.99
4165102963,T49025,2017/04/03,P33162,14.99
4165102963,T19272,2016/09/21,P58225,13.99
4165102963,T11189,2016/01/14,P61235,10.99
4165102963,T46287,2016/03/13,P39328,4.99
4165102963,T22279,2016/09/00,P58225,11.99
4165102963,T09015,2015/04/11,P39328,10.99
4165102963,T35572,2015/10/23,P32565,9.99
4165102963,T09493,2015/10/11,P19498,8.99
4165102963,T27399,2017/06/19,P76615,1.99
4165102963,T27371,2014/10/12,P39328,6.99
4165102963,T07841,2015/11/20,P82222,11.99
4165102963,T45564,2016/03/22,P33162,4.99
4165102963,T35432,2016/02/26,P58225,12.99
4165102963,T25639,2014/08/16,P02291,12.99
4165102963,T32990,2016/00/08,P82222,4.99
4165102963,T00637,2016/07/06,P33162,8.99
4165102963,T47057,2014/00/05,P82222,8.99
4165102963,T15668,2014/05/15,P02291,5.99
4165102963,T20541,2016/03/06,P58225,4.99
4165102963,T06300,2018/01/14,P82222,7.99
4165102963,T45823,2016/11/23,P76615,2.99
4165102963,T02521,2014/08/03,P58225,13.99
4165102963,T25395,2017/00/27,P33162,0.99
4165102963,T14843,2016/00/25,P19498,9.99
4165102963,T18227,2018/00/25,P61235,1.99
4165102963,T35993,2016/10/12,P19498,10.99
4165102963,T10489,2017/11/25,P82222,19.99
4165102963,T12461,2014/11/03,P76615,13.99
4165102963,T32790,2016/11/13,P92449,5.99
4165102963,T48347,2013/04/21,P39328,7.99
4165102963,T48981,2015/03/11,P76615,2.99
4501356649,T41782,2017/04/01,P61235,0.99
4501356649,T05526,2015/03/01,P92449,3.99
4501356649,T01776,2015/01/04,P39328,3.99
4501356649,T05872,2018/02/12,P58225,16.99
4501356649,T04356,2016/06/04,P33162,4.99
4501356649,T06590,2015/07/26,P61235,1.99
4501356649,T48192,2014/06/12,P58225,13.99
4501356649,T35409,2015/11/01,P02291,1.99
4501356649,T32736,2017/03/11,P32565,10.99
4501356649,T14276,2016/09/24,P39328,0.99
4501356649,T09477,2014/02/08,P92449,14.99
4501356649,T02003,2016/08/00,P61235,11.99
4501356649,T24314,2016/03/21,P61235,12.99
4501356649,T11910,2016/07/08,P33162,14.99
4501356649,T39931,2014/02/04,P39328,13.99
4501356649,T23113,2015/08/04,P19498,8.99
4501356649,T45508,2016/02/24,P58225,18.99
4501356649,T32073,2017/00/10,P76615,4.99
4501356649,T07834,2017/08/21,P82222,10.99
4501356649,T23935,2013/05/17,P61235,13.99
4501356649,T11806,2014/05/14,P76615,14.99
4501356649,T22858,2018/09/23,P02291,13.99
4501356649,T05798,2018/02/13,P39328,18.99
4501356649,T23859,2014/00/15,P58225,4.99
4501356649,T09429,2016/00/16,P33162,20.99
4501356649,T39233,2017/05/08,P32565,3.99
4501356649,T01870,2017/02/00,P61235,0.99
4501356649,T38002,2016/09/14,P02291,11.99
4501356649,T43294,2015/11/24,P02291,15.99
4501356649,T42272,2016/08/05,P33162,5.99
4501356649,T02777,2015/08/14,P58225,17.99
4501356649,T49452,2017/11/00,P76615,8.99
4501356649,T06685,2016/00/18,P58225,10.99
4501356649,T29447,2017/08/17,P82222,6.99
4501356649,T03835,2014/04/21,P58225,16.99
4501356649,T01352,2013/03/17,P32565,6.99
4501356649,T19555,2015/11/02,P82222,17.99
4501356649,T49872,2016/04/13,P92449,20.99
4501356649,T17424,2015/01/26,P19498,2.99
4501356649,T08726,2017/05/27,P76615,13.99
4501356649,T44271,2014/09/23,P39328,13.99
4501356649,T01928,2014/07/01,P33162,13.99
4501356649,T48503,2017/03/26,P39328,5.99
4501356649,T04542,2016/00/15,P02291,5.99
4501356649,T44811,2016/01/16,P92449,7.99
4501356649,T22062,2017/11/08,P92449,11.99
4501356649,T16419,2016/00/26,P39328,7.99
4501356649,T47857,2014/04/08,P32565,5.99
4501356649,T18624,2013/03/06,P19498,12.99
4501356649,T44784,2017/05/10,P82222,9.99
4501356649,T43309,2015/05/17,P58225,2.99
4501356649,T29954,2015/07/24,P32565,2.99
4501356649,T36479,2013/06/17,P92449,5.99
4501356649,T41962,2013/10/27,P19498,1.99
4501356649,T27728,2017/09/21,P92449,11.99
4501356649,T09802,2017/00/16,P19498,2.99
4501356649,T04855,2016/06/10,P19498,11.99
4501356649,T10831,2016/11/23,P82222,4.99
4501356649,T36435,2013/06/11,P58225,8.99
4501356649,T21239,2016/00/10,P82222,11.99
4501356649,T00485,2015/03/16,P61235,15.99
4501356649,T47469,2014/11/01,P32565,7.99
4501356649,T27031,2016/01/14,P33162,20.99
4501356649,T26317,2017/02/23,P33162,14.99
4501356649,T24254,2016/05/16,P19498,0.99
4501356649,T48650,2017/04/04,P58225,2.99
4501356649,T03636,2014/02/13,P92449,9.99
4501356649,T34575,2017/09/17,P92449,11.99
4501356649,T45826,2016/01/25,P19498,13.99
4501356649,T27612,2014/07/03,P58225,3.99
4501356649,T32435,2017/11/22,P32565,19.99
4501356649,T33490,2014/06/26,P82222,8.99
4501356649,T19554,2017/03/13,P82222,18.99
4501356649,T31563,2016/03/04,P58225,7.99
4501356649,T29540,2016/02/06,P19498,3.99
4501356649,T30283,2014/00/23,P39328,6.99
4501356649,T17633,2013/01/11,P02291,12.99
4501356649,T23996,2017/07/02,P39328,18.99
4501356649,T11603,2017/02/01,P32565,7.99
4501356649,T26594,2013/11/07,P82222,10.99
4501356649,T39551,2013/06/12,P61235,13.99
4501356649,T21860,2017/04/15,P82222,14.99
4501356649,T16350,2017/04/27,P58225,7.99
4501356649,T19064,2014/10/04,P02291,6.99
4501356649,T40080,2013/06/13,P61235,9.99
4501356649,T29063,2016/07/09,P82222,9.99
4501356649,T32219,2017/10/15,P39328,19.99
4501356649,T45718,2014/08/19,P39328,14.99
4501356649,T24261,2014/06/21,P82222,10.99
4501356649,T46477,2016/11/27,P33162,11.99
4501356649,T33356,2014/02/19,P33162,6.99
4501356649,T06116,2015/03/08,P92449,17.99
4501356649,T09343,2016/11/20,P32565,2.99
4501356649,T48200,2018/11/02,P58225,17.99
4501356649,T16996,2017/09/05,P58225,8.99
4501356649,T13017,2018/00/15,P58225,10.99
4501356649,T40615,2014/02/25,P92449,9.99
4501356649,T20756,2016/08/11,P33162,12.99
4501356649,T09554,2017/01/00,P58225,18.99
4501356649,T05818,2018/00/02,P76615,4.99
4501356649,T47882,2017/01/17,P02291,3.99
4501356649,T25534,2016/07/03,P33162,2.99
4501356649,T39293,2015/06/12,P92449,19.99
4501356649,T41240,2017/10/02,P92449,19.99
4501356649,T48416,2016/05/24,P82222,18.99
4501356649,T30430,2018/10/09,P58225,2.99
4501356649,T43449,2014/00/06,P92449,16.99
4501356649,T33975,2016/03/13,P82222,5.99
4501356649,T09784,2016/01/18,P32565,5.99
4501356649,T36062,2018/08/00,P02291,17.99
4501356649,T25060,2016/05/11,P61235,16.99
4501356649,T05700,2013/06/08,P33162,16.99
4501356649,T23949,2013/01/13,P02291,16.99
4501356649,T22412,2013/03/22,P33162,18.99
4501356649,T12917,2014/07/04,P92449,19.99
4524061025,T08228,2018/02/17,P19498,6.99
4524061025,T46518,2014/04/08,P58225,10.99
4524061025,T10407,2013/06/15,P76615,0.99
4524061025,T13449,2018/07/24,P76615,17.99
4524061025,T34175,2014/03/15,P76615,6.99
4524061025,T38478,2017/11/06,P82222,1.99
4524061025,T18959,2017/05/17,P02291,0.99
4524061025,T13765,2014/10/23,P61235,3.99
4524061025,T01313,2014/04/08,P02291,6.99
4524061025,T27898,2014/10/27,P61235,7.99
4524061025,T36382,2015/04/18,P33162,16.99
4524061025,T02166,2016/05/16,P76615,5.99
4524061025,T28381,2014/03/21,P19498,18.99
4524061025,T19685,2015/01/08,P58225,5.99
4524061025,T24120,2017/01/19,P82222,4.99
4524061025,T07240,2014/08/23,P58225,12.99
4524061025,T34620,2015/08/12,P39328,13.99
4524061025,T04578,2016/05/08,P92449,17.99
4524061025,T05716,2013/05/10,P82222,4.99
4524061025,T37871,2017/11/09,P61235,14.99
4524061025,T04816,2014/05/02,P76615,15.99
4524061025,T48489,2016/00/25,P76615,6.99
4524061025,T01939,2014/08/23,P32565,10.99
4524061025,T13909,2014/01/27,P92449,4.99
4524061025,T11267,2015/11/24,P02291,4.99
4524061025,T00633,2014/01/22,P33162,11.99
4524061025,T11812,2014/01/24,P39328,2.99
4524061025,T14381,2017/02/01,P61235,16.99
4524061025,T15867,2015/04/25,P39328,11.99
4524061025,T48056,2015/10/02,P58225,4.99
4524061025,T39363,2016/09/16,P39328,18.99
4524061025,T07280,2014/11/04,P82222,19.99
4524061025,T16665,2014/02/16,P32565,14.99
4524061025,T09983,2014/09/10,P92449,17.99
4524061025,T34574,2016/09/20,P02291,19.99
4524061025,T49711,2014/04/24,P19498,8.99
4524061025,T15661,2016/06/07,P92449,18.99
4524061025,T45328,2017/11/25,P39328,11.99
4524061025,T21519,2017/06/23,P82222,16.99
4524061025,T28194,2014/10/20,P39328,14.99
4524061025,T17639,2014/03/10,P19498,12.99
4524061025,T02496,2016/07/11,P92449,15.99
4524061025,T20594,2016/09/20,P58225,4.99
4524061025,T22831,2015/04/06,P76615,12.99
4524061025,T41586,2017/03/06,P82222,18.99
4524061025,T29029,2014/03/00,P82222,0.99
4524061025,T20287,2015/05/07,P61235,8.99
4524061025,T37069,2016/08/21,P76615,14.99
4524061025,T15662,2015/07/14,P02291,15.99
4524061025,T29162,2015/08/13,P19498,5.99
4524061025,T42766,2014/01/22,P61235,4.99
4524061025,T20049,2014/07/09,P33162,17.99
4524061025,T25974,2016/03/26,P33162,10.99
4524061025,T40920,2015/06/14,P39328,7.99
4524061025,T14403,2014/08/03,P02291,6.99
4524061025,T38250,2018/06/20,P76615,10.99
4524061025,T18073,2018/04/16,P33162,15.99
4524061025,T13121,2014/00/05,P92449,5.99
4524061025,T48698,2016/05/14,P02291,10.99
4524061025,T02347,2016/02/00,P19498,2.99
4524061025,T27744,2018/07/03,P33162,18.99
4524061025,T44731,2014/01/03,P61235,12.99
4524061025,T45980,2017/11/03,P61235,0.99
4524061025,T05932,2017/08/15,P39328,13.99
4524061025,T05956,2016/08/26,P58225,17.99
4524061025,T05966,2014/01/17,P82222,8.99
4524061025,T25721,2017/07/24,P76615,15.99
4524061025,T37711,2015/09/26,P33162,14.99
4524061025,T24992,2018/10/02,P82222,16.99
4524061025,T08265,2017/06/24,P76615,11.99
4524061025,T30616,2014/11/11,P61235,1.99
4524061025,T14365,2013/07/25,P61235,5.99
4524061025,T26499,2017/11/03,P33162,20.99
4524061025,T13498,2013/02/03,P92449,10.99
4524061025,T46473,2015/09/05,P92449,10.99
4524061025,T24629,2017/07/00,P02291,1.99
4524061025,T35294,2018/01/11,P39328,8.99
4524061025,T08038,2015/10/04,P39328,17.99
4524061025,T38273,2016/06/11,P92449,16.99
4524061025,T16998,2017/10/13,P82222,12.99
4524061025,T49606,2016/01/25,P19498,16.99
4524061025,T28496,2016/03/15,P32565,19.99
4524061025,T10823,2018/09/17,P33162,17.99
4524061025,T05896,2015/06/24,P58225,11.99
4524061025,T44217,2015/11/13,P19498,17.99
4524061025,T20382,2015/08/15,P82222,19.99
4524061025,T11795,2013/07/24,P33162,12.99
4524061025,T25161,2017/03/03,P19498,9.99
4524061025,T35952,2016/01/02,P76615,14.99
4524061025,T49737,2013/11/01,P82222,9.99
4524061025,T13488,2013/03/04,P61235,4.99
4524061025,T41123,2014/04/18,P92449,4.99
4524061025,T48146,2015/06/05,P19498,7.99
4524061025,T12677,2017/01/26,P19498,12.99
4524061025,T03107,2017/03/22,P92449,12.99
4524061025,T31490,2014/01/27,P58225,15.99
4524061025,T40336,2016/11/18,P58225,3.99
4524061025,T26280,2016/10/04,P82222,4.99
4524061025,T13996,2015/03/05,P02291,3.99
4524061025,T18119,2013/09/13,P92449,10.99
4524061025,T44220,2014/03/27,P61235,15.99
4524061025,T18190,2014/03/25,P76615,3.99
4524061025,T10361,2013/00/22,P32565,10.99
4524061025,T49491,2016/03/26,P19498,1.99
4524061025,T02808,2015/04/22,P58225,5.99
5541081141,T39580,2016/07/02,P61235,3.99
5541081141,T10324,2016/06/06,P33162,3.99
5541081141,T25580,2013/01/05,P39328,4.99
5541081141,T21875,2015/10/10,P33162,4.99
5541081141,T05531,2013/03/13,P39328,12.99
5541081141,T23949,2014/09/04,P92449,20.99
5541081141,T31570,2018/02/05,P02291,17.99
5541081141,T34686,2016/07/09,P58225,17.99
5541081141,T35498,2013/06/00,P82222,11.99
5541081141,T00781,2016/00/16,P39328,11.99
5541081141,T38232,2014/02/02,P76615,17.99
5541081141,T45918,2016/09/02,P19498,8.99
5541081141,T34792,2015/07/26,P61235,7.99
5541081141,T08589,2015/05/24,P02291,14.99
5541081141,T32466,2016/00/10,P82222,2.99
5541081141,T16951,2014/00/13,P19498,18.99
5541081141,T46303,2014/08/25,P32565,6.99
5541081141,T04498,2017/04/21,P02291,18.99
5541081141,T19913,2018/03/09,P02291,5.99
5541081141,T26330,2014/06/14,P61235,14.99
5541081141,T08232,2018/07/07,P58225,18.99
5541081141,T06346,2015/02/24,P33162,19.99
5541081141,T00101,2016/08/01,P82222,8.99
5541081141,T11433,2014/10/00,P39328,20.99
5541081141,T00138,2017/10/18,P82222,3.99
5541081141,T00027,2014/02/00,P32565,19.99
5541081141,T30745,2016/07/22,P92449,15.99
5541081141,T20502,2014/09/08,P76615,4.99
5541081141,T24098,2016/05/10,P76615,12.99
5541081141,T06746,2015/10/02,P92449,13.99
5541081141,T36129,2015/06/05,P58225,14.99
5541081141,T46345,2015/05/03,P92449,5.99
5541081141,T35873,2016/03/05,P02291,12.99
5541081141,T41837,2015/11/12,P58225,12.99
5541081141,T11740,2015/06/12,P19498,12.99
5541081141,T35840,2013/00/17,P92449,6.99
5541081141,T13818,2015/06/26,P82222,6.99
5541081141,T15582,2014/06/19,P02291,14.99
5541081141,T39009,2018/07/18,P33162,1.99
5541081141,T17512,2017/02/23,P76615,6.99
5541081141,T45214,2017/07/05,P02291,11.99
5541081141,T46078,2018/03/16,P19498,1.99
5541081141,T30075,2018/09/06,P61235,5.99
5541081141,T00410,2015/05/24,P76615,10.99
5541081141,T20900,2013/09/16,P82222,11.99
5541081141,T04144,2013/00/12,P92449,8.99
5541081141,T41873,2017/04/06,P82222,9.99
5541081141,T46420,2014/01/12,P92449,4.99
5541081141,T19723,2018/09/20,P33162,10.99
5541081141,T19497,2016/03/13,P58225,10.99
5541081141,T23613,2014/11/26,P61235,14.99
5541081141,T25146,2017/09/00,P02291,4.99
5541081141,T14992,2016/08/26,P58225,5.99
5541081141,T13398,2017/10/08,P92449,0.99
5541081141,T17741,2015/01/13,P58225,15.99
5541081141,T01185,2015/00/21,P92449,20.99
5541081141,T33421,2016/03/26,P92449,11.99
5541081141,T13314,2016/06/22,P02291,19.99
5541081141,T42980,2014/11/05,P61235,1.99
5541081141,T36674,2016/08/00,P58225,4.99
5541081141,T16806,2013/09/07,P33162,17.99
5541081141,T32026,2013/02/27,P02291,17.99
5541081141,T45377,2013/06/07,P33162,19.99
5541081141,T38033,2017/03/13,P76615,3.99
5541081141,T25131,2018/06/04,P32565,18.99
5541081141,T14495,2014/00/27,P39328,12.99
5541081141,T08709,2013/03/01,P19498,9.99
5541081141,T45410,2016/06/02,P33162,9.99
5541081141,T41851,2014/10/08,P58225,11.99
5541081141,T05390,2016/00/14,P82222,2.99
5541081141,T49074,2013/00/15,P39328,12.99
5541081141,T42098,2014/02/15,P32565,5.99
5541081141,T47723,2018/04/21,P39328,20.99
5541081141,T00297,2018/02/15,P32565,17.99
5541081141,T10082,2016/02/27,P76615,16.99
5993816857,T09557,2018/10/04,P76615,6.99
5993816857,T14019,2014/08/10,P61235,3.99
5993816857,T20196,2015/10/24,P82222,8.99
5993816857,T33422,2017/03/07,P76615,4.99
5993816857,T41534,2015/07/08,P32565,18.99
5993816857,T18214,2014/03/10,P39328,9.99
5993816857,T27155,2018/02/11,P33162,4.99
5993816857,T16378,2016/02/26,P76615,6.99
5993816857,T45053,2017/04/16,P32565,7.99
5993816857,T28040,2017/01/25,P39328,10.99
5993816857,T08750,2014/00/05,P76615,5.99
5993816857,T32277,2015/09/27,P19498,3.99
5993816857,T49388,2015/10/09,P76615,0.99
5993816857,T30596,2015/09/16,P33162,7.99
5993816857,T28352,2016/10/13,P19498,10.99
5993816857,T03964,2017/11/16,P02291,13.99
5993816857,T49810,2016/02/05,P58225,18.99
5993816857,T36528,2015/08/26,P33162,19.99
5993816857,T35105,2018/04/20,P19498,3.99
5993816857,T08357,2018/00/10,P58225,20.99
5993816857,T39196,2016/05/18,P82222,8.99
5993816857,T20154,2014/06/13,P33162,19.99
5993816857,T08935,2015/07/23,P02291,15.99
5993816857,T25805,2013/02/25,P32565,12.99
5993816857,T21847,2016/03/17,P58225,6.99
5993816857,T34964,2015/03/10,P19498,10.99
5993816857,T09843,2016/04/00,P58225,4.99
5993816857,T15970,2016/09/02,P32565,13.99
5993816857,T12562,2014/04/02,P19498,6.99
5993816857,T25396,2013/02/03,P82222,4.99
5993816857,T26389,2014/02/20,P33162,4.99
5993816857,T08704,2015/01/12,P19498,6.99
5993816857,T00072,2013/05/00,P61235,1.99
5993816857,T29477,2016/01/22,P61235,11.99
5993816857,T36989,2016/07/06,P92449,14.99
5993816857,T09108,2015/04/27,P92449,19.99
5993816857,T19803,2016/09/11,P39328,12.99
5993816857,T29566,2017/08/17,P19498,19.99
5993816857,T23853,2015/06/07,P39328,11.99
5993816857,T24482,2014/02/02,P33162,2.99
5993816857,T45460,2018/09/16,P02291,6.99
5993816857,T07558,2014/07/11,P19498,7.99
5993816857,T31777,2014/11/04,P58225,14.99
5993816857,T40399,2017/00/22,P39328,12.99
5993816857,T29329,2014/00/18,P19498,3.99
5993816857,T41376,2015/05/25,P76615,20.99
5993816857,T49215,2017/11/02,P33162,10.99
5993816857,T45439,2014/01/01,P76615,13.99
5993816857,T06026,2015/08/22,P61235,3.99
5993816857,T09062,2013/06/07,P19498,17.99
5993816857,T25416,2013/11/22,P61235,3.99
5993816857,T28170,2017/11/22,P61235,0.99
5993816857,T00831,2015/04/08,P39328,1.99
5993816857,T13858,2018/11/09,P61235,9.99
5993816857,T18043,2017/07/13,P76615,19.99
5993816857,T09630,2014/07/19,P92449,1.99
5993816857,T37979,2015/10/02,P33162,7.99
5993816857,T28887,2017/01/00,P58225,17.99
5993816857,T45567,2014/04/07,P02291,12.99
5993816857,T04090,2013/00/17,P32565,19.99
5993816857,T05805,2014/03/20,P33162,17.99
5993816857,T10285,2018/11/11,P33162,20.99
5993816857,T14255,2014/01/18,P02291,18.99
5993816857,T18415,2017/02/00,P33162,20.99
5993816857,T34097,2013/01/04,P92449,18.99
5993816857,T31977,2014/07/15,P61235,9.99
5993816857,T05342,2017/02/03,P19498,11.99
5993816857,T02980,2018/10/18,P19498,9.99
5993816857,T49555,2014/06/18,P32565,1.99
5993816857,T08489,2015/05/11,P61235,2.99
5993816857,T06334,2017/09/03,P92449,17.99
5993816857,T26749,2015/07/09,P76615,19.99
5993816857,T46366,2015/05/12,P58225,2.99
5993816857,T07854,2017/07/09,P92449,3.99
5993816857,T29476,2016/07/09,P61235,6.99
5993816857,T38486,2013/11/24,P39328,9.99
5993816857,T27770,2015/02/02,P61235,11.99
5993816857,T24708,2015/03/09,P58225,18.99
5993816857,T16027,2015/09/06,P61235,16.99
5993816857,T28064,2015/05/02,P92449,4.99
5993816857,T30301,2014/04/19,P61235,17.99
5993816857,T22990,2017/00/25,P02291,7.99
5993816857,T45430,2016/11/20,P19498,6.99
5993816857,T29528,2016/07/07,P76615,18.99
5993816857,T12762,2016/06/12,P58225,3.99
5993816857,T32373,2013/09/26,P33162,10.99
5993816857,T21636,2018/01/19,P33162,10.99
5993816857,T30657,2014/09/01,P92449,12.99
5993816857,T01145,2014/02/07,P82222,11.99
5993816857,T36472,2016/09/27,P19498,13.99
5993816857,T03045,2017/03/26,P58225,12.99
5993816857,T11306,2017/09/21,P76615,8.99
5993816857,T37938,2018/09/11,P19498,18.99
5993816857,T42687,2014/00/08,P82222,5.99
5993816857,T08131,2014/02/21,P02291,8.99
5993816857,T07691,2017/00/19,P82222,15.99
5993816857,T42610,2015/09/23,P58225,2.99
5993816857,T21862,2014/09/15,P02291,0.99
5993816857,T38936,2013/10/18,P19498,14.99
5993816857,T08072,2013/07/17,P19498,20.99
5993816857,T26689,2016/09/09,P32565,16.99
5993816857,T01533,2013/01/02,P39328,11.99
5993816857,T48661,2017/11/01,P58225,13.99
5993816857,T37676,2015/03/10,P82222,6.99
5993816857,T02074,2018/08/20,P19498,2.99
5993816857,T44365,2018/06/05,P39328,8.99
5993816857,T05685,2016/02/12,P58225,4.99
5993816857,T35482,2015/02/17,P33162,9.99
5993816857,T32434,2017/07/07,P33162,2.99
5993816857,T23561,2018/07/03,P92449,3.99
5993816857,T15913,2017/11/25,P92449,19.99
5993816857,T31859,2014/02/20,P39328,2.99
5993816857,T32971,2013/10/15,P39328,5.99
5993816857,T23220,2015/08/24,P02291,17.99
5993816857,T09370,2017/06/03,P33162,16.99
5993816857,T19828,2018/00/26,P92449,15.99
5993816857,T16797,2016/06/09,P39328,12.99
5993816857,T02932,2018/02/09,P58225,9.99
5993816857,T23310,2016/00/22,P02291,17.99
5993816857,T28736,2017/00/06,P33162,6.99
5993816857,T20256,2015/05/01,P39328,7.99
5993816857,T37623,2015/03/21,P76615,4.99
5993816857,T29514,2016/00/11,P82222,18.99
5993816857,T40277,2016/08/14,P82222,15.99
5993816857,T00157,2013/04/12,P76615,8.99
5993816857,T13969,2016/02/17,P32565,16.99
5993816857,T33087,2015/09/16,P19498,7.99
5993816857,T05141,2016/01/25,P32565,19.99
5993816857,T11853,2017/11/18,P32565,10.99
5993816857,T31945,2017/10/13,P19498,2.99
5993816857,T26064,2014/05/08,P92449,3.99
5993816857,T14923,2017/03/03,P61235,12.99
5993816857,T30332,2014/01/20,P33162,0.99
5993816857,T43494,2016/07/04,P76615,2.99
5993816857,T05715,2013/06/10,P58225,11.99
6549151004,T10691,2017/05/09,P92449,0.99
6549151004,T00535,2018/07/12,P33162,13.99
6549151004,T28516,2014/01/18,P32565,8.99
6549151004,T28466,2016/04/13,P02291,19.99
6549151004,T05178,2014/00/16,P32565,9.99
6549151004,T28992,2016/04/09,P33162,1.99
6549151004,T43053,2014/01/07,P39328,20.99
6549151004,T30924,2015/06/22,P58225,11.99
6549151004,T30680,2016/08/12,P92449,14.99
6549151004,T29267,2014/06/22,P19498,2.99
6549151004,T16092,2013/07/25,P19498,11.99
6549151004,T05288,2015/05/00,P61235,11.99
6549151004,T34184,2016/11/12,P32565,9.99
6549151004,T10420,2016/05/21,P33162,19.99
6549151004,T11626,2014/04/19,P58225,7.99
6549151004,T24382,2017/10/25,P76615,18.99
6549151004,T28120,2015/03/24,P19498,11.99
6549151004,T02399,2015/01/21,P82222,12.99
6549151004,T47386,2014/04/05,P39328,11.99
6549151004,T05611,2014/10/17,P33162,14.99
6549151004,T21591,2017/01/10,P39328,0.99
6549151004,T48934,2016/11/00,P02291,14.99
6549151004,T47806,2015/03/10,P02291,15.99
6549151004,T20812,2017/00/27,P58225,19.99
6549151004,T22527,2013/04/24,P19498,17.99
6549151004,T44469,2013/07/10,P19498,12.99
6549151004,T35882,2013/10/15,P58225,7.99
6549151004,T36230,2018/04/05,P33162,1.99
6549151004,T07208,2016/07/20,P39328,9.99
6549151004,T06552,2013/04/18,P82222,5.99
6549151004,T14279,2018/06/07,P76615,6.99
6549151004,T22486,2017/03/18,P39328,18.99
6549151004,T01934,2016/02/05,P33162,10.99
6549151004,T07052,2013/11/06,P39328,20.99
6549151004,T03346,2016/02/10,P58225,5.99
6549151004,T22728,2018/06/11,P82222,8.99
6549151004,T35056,2016/08/06,P39328,8.99
6549151004,T09838,2017/10/24,P32565,10.99
6549151004,T22136,2017/09/05,P02291,14.99
6549151004,T24632,2015/08/12,P76615,16.99
6549151004,T01209,2015/02/07,P58225,10.99
6549151004,T46316,2017/03/09,P32565,7.99
6549151004,T14905,2016/04/14,P61235,3.99
6549151004,T23502,2015/01/12,P02291,13.99
6549151004,T07676,2016/08/25,P02291,19.99
6549151004,T17590,2017/04/04,P02291,19.99
6549151004,T33908,2017/04/11,P76615,1.99
6549151004,T06454,2016/06/19,P58225,18.99
6549151004,T31487,2017/09/16,P32565,14.99
6549151004,T07791,2017/04/13,P92449,14.99
6549151004,T31578,2013/03/07,P39328,16.99
6549151004,T42955,2017/01/11,P76615,5.99
6549151004,T29091,2014/10/10,P33162,17.99
6549151004,T01020,2017/09/04,P02291,5.99
6549151004,T02046,2017/05/16,P19498,7.99
6549151004,T16438,2014/02/16,P82222,4.99
6549151004,T12980,2017/01/01,P32565,1.99
6549151004,T47484,2018/10/01,P02291,9.99
6549151004,T23135,2016/03/06,P58225,20.99
6549151004,T18308,2013/00/08,P92449,7.99
6549151004,T00183,2017/03/21,P92449,12.99
6549151004,T21714,2013/03/13,P58225,14.99
6549151004,T29181,2015/08/00,P39328,19.99
6549151004,T39015,2014/10/20,P32565,15.99
6549151004,T24204,2013/08/21,P76615,11.99
6549151004,T08861,2016/08/15,P32565,3.99
6549151004,T25127,2015/11/19,P33162,2.99
6549151004,T29746,2016/11/10,P39328,5.99
6549151004,T35977,2015/02/26,P39328,18.99
6549151004,T38046,2017/04/26,P32565,19.99
6549151004,T21331,2017/05/27,P02291,2.99
6549151004,T05707,2015/08/12,P61235,10.99
6549151004,T14846,2014/00/22,P02291,5.99
6549151004,T10584,2017/07/10,P19498,7.99
6549151004,T01465,2014/06/20,P33162,14.99
6918182622,T37449,2014/10/02,P92449,1.99
6918182622,T38515,2017/08/05,P32565,5.99
6918182622,T12522,2015/06/10,P82222,7.99
6918182622,T31106,2016/01/18,P02291,14.99
6918182622,T26185,2016/08/16,P39328,14.99
6918182622,T20853,2018/08/08,P61235,5.99
6918182622,T21807,2016/09/26,P39328,7.99
6918182622,T14465,2017/02/06,P76615,16.99
6918182622,T48848,2015/02/02,P02291,6.99
6918182622,T16614,2016/02/10,P76615,15.99
6918182622,T46763,2014/09/13,P39328,6.99
6918182622,T29321,2015/07/19,P02291,19.99
6918182622,T34858,2015/03/13,P58225,19.99
6918182622,T11818,2015/09/07,P02291,2.99
6918182622,T05103,2017/06/07,P92449,17.99
6918182622,T43844,2014/04/00,P33162,8.99
6918182622,T29250,2016/00/07,P39328,18.99
6918182622,T32799,2013/02/12,P61235,5.99
6918182622,T19510,2018/10/22,P33162,10.99
6918182622,T21690,2014/11/20,P92449,2.99
6918182622,T18574,2017/06/00,P82222,12.99
6918182622,T07750,2014/08/24,P32565,10.99
6918182622,T29160,2017/10/13,P32565,9.99
6918182622,T35469,2018/10/18,P76615,6.99
6918182622,T12840,2014/04/24,P32565,13.99
6918182622,T31156,2015/10/15,P02291,7.99
6918182622,T45709,2015/00/20,P76615,1.99
6918182622,T22771,2014/01/20,P76615,16.99
6918182622,T36493,2016/09/25,P58225,2.99
6918182622,T04172,2017/09/13,P58225,9.99
6918182622,T12199,2017/01/23,P92449,12.99
6918182622,T34841,2016/11/12,P61235,9.99
6918182622,T38004,2016/04/05,P19498,10.99
6918182622,T23312,2016/07/22,P33162,7.99
6918182622,T44185,2015/05/12,P76615,2.99
6918182622,T13726,2017/11/25,P02291,12.99
6918182622,T24505,2018/03/19,P19498,3.99
6918182622,T05301,2015/04/08,P33162,8.99
6918182622,T30486,2015/11/03,P33162,15.99
6918182622,T30283,2016/04/13,P19498,4.99
6918182622,T19012,2015/00/08,P82222,16.99
6918182622,T31428,2017/08/11,P02291,8.99
6918182622,T26938,2016/08/09,P58225,3.99
6918182622,T26433,2014/11/07,P02291,16.99
6918182622,T02513,2015/04/12,P02291,0.99
6918182622,T41204,2016/04/18,P39328,10.99
6918182622,T20016,2017/04/15,P58225,12.99
6918182622,T15680,2015/07/12,P39328,13.99
6918182622,T01502,2015/07/16,P58225,2.99
6918182622,T48923,2014/07/09,P19498,14.99
6918182622,T18542,2016/05/25,P02291,7.99
6918182622,T28288,2017/07/13,P39328,7.99
6918182622,T04428,2014/05/19,P61235,10.99
6918182622,T11425,2017/05/14,P58225,15.99
6918182622,T25761,2016/04/12,P02291,2.99
6918182622,T46024,2014/03/13,P92449,9.99
6918182622,T06694,2016/01/04,P33162,9.99
6918182622,T27435,2017/06/14,P61235,18.99
6918182622,T28317,2014/02/16,P32565,13.99
6918182622,T40990,2017/07/00,P82222,11.99
6918182622,T34541,2014/01/23,P32565,15.99
6918182622,T30657,2015/00/06,P58225,13.99
6918182622,T45569,2013/02/25,P61235,13.99
6918182622,T35750,2014/05/12,P82222,1.99
6918182622,T06519,2018/05/24,P33162,17.99
6918182622,T06158,2017/00/20,P76615,2.99
6918182622,T16919,2018/01/11,P32565,13.99
6918182622,T47325,2018/09/14,P92449,5.99
6918182622,T23185,2017/03/02,P39328,2.99
6918182622,T40188,2017/09/22,P58225,19.99
6918182622,T19417,2017/03/22,P19498,13.99
6918182622,T00158,2014/04/27,P33162,0.99
6918182622,T35485,2014/02/14,P76615,6.99
6918182622,T45950,2014/06/16,P76615,19.99
6918182622,T16106,2018/11/03,P61235,3.99
6918182622,T46324,2018/07/16,P33162,7.99
6918182622,T00415,2013/02/11,P82222,1.99
6918182622,T13044,2017/10/22,P76615,1.99
6918182622,T27155,2014/01/10,P61235,7.99
6918182622,T41718,2015/01/24,P92449,1.99
6918182622,T10345,2017/07/00,P02291,10.99
6918182622,T20236,2015/06/06,P02291,18.99
6918182622,T30620,2017/07/01,P39328,16.99
6918182622,T39037,2016/05/22,P02291,11.99
6918182622,T13931,2015/05/01,P61235,3.99
6918182622,T26804,2017/09/17,P61235,6.99
6918182622,T04727,2016/05/16,P33162,16.99
6918182622,T10248,2015/04/00,P33162,11.99
6918182622,T19015,2018/09/05,P58225,8.99
6918182622,T15276,2015/03/07,P33162,9.99
7371386587,T22242,2016/11/19,P58225,7.99
7371386587,T11086,2015/09/01,P19498,6.99
7371386587,T44387,2014/04/02,P58225,8.99
7371386587,T38623,2014/07/17,P02291,2.99
7371386587,T10389,2017/11/24,P58225,5.99
7371386587,T35055,2016/05/09,P61235,11.99
7371386587,T28532,2013/01/00,P39328,14.99
7371386587,T28515,2016/00/03,P33162,13.99
7371386587,T05573,2014/06/08,P82222,16.99
7371386587,T41854,2016/08/14,P76615,7.99
7371386587,T32644,2018/11/10,P58225,14.99
7371386587,T09922,2015/08/19,P32565,13.99
7371386587,T48898,2017/02/10,P39328,19.99
7371386587,T20753,2013/11/09,P58225,19.99
7371386587,T16261,2016/07/26,P33162,14.99
7371386587,T01311,2018/02/27,P39328,5.99
7371386587,T07009,2016/09/08,P61235,14.99
7371386587,T11292,2016/05/07,P61235,16.99
7371386587,T33242,2015/03/02,P32565,18.99
7371386587,T20442,2014/09/25,P19498,19.99
7371386587,T04725,2015/06/01,P61235,15.99
7371386587,T25125,2016/10/13,P61235,5.99
7371386587,T08679,2018/07/22,P61235,10.99
7371386587,T33040,2017/10/13,P33162,12.99
7371386587,T45610,2014/01/24,P32565,9.99
7371386587,T01067,2017/02/27,P76615,19.99
7371386587,T03465,2018/02/12,P76615,19.99
7371386587,T22226,2014/05/22,P58225,12.99
7371386587,T40419,2017/07/05,P32565,10.99
7371386587,T36556,2014/11/05,P82222,15.99
7371386587,T45460,2017/08/23,P32565,9.99
7371386587,T19127,2016/11/18,P58225,1.99
7371386587,T38836,2015/03/06,P32565,13.99
7371386587,T17742,2018/03/20,P02291,3.99
7371386587,T44844,2017/06/00,P58225,12.99
7371386587,T47296,2017/09/18,P32565,1.99
7371386587,T46964,2016/02/24,P02291,17.99
7371386587,T14809,2015/08/01,P82222,17.99
7371386587,T37416,2016/04/00,P76615,12.99
7371386587,T21329,2018/11/16,P61235,8.99
7371386587,T41810,2014/00/00,P61235,13.99
7371386587,T00830,2015/10/18,P19498,4.99
7371386587,T20066,2014/01/26,P32565,6.99
7371386587,T23963,2017/06/19,P33162,13.99
7371386587,T02029,2016/08/14,P39328,3.99
9414192541,T44452,2015/02/09,P92449,2.99
9414192541,T48535,2014/06/22,P58225,16.99
9414192541,T19876,2014/11/11,P02291,19.99
9414192541,T07206,2016/02/15,P32565,5.99
9414192541,T16496,2017/00/01,P39328,18.99
9414192541,T05692,2017/00/14,P19498,9.99
9414192541,T06503,2018/03/11,P32565,19.99
9414192541,T28128,2014/00/14,P61235,3.99
9414192541,T03059,2016/07/05,P19498,16.99
9414192541,T40495,2016/07/22,P19498,2.99
9414192541,T27668,2016/05/13,P32565,15.99
9414192541,T21488,2017/08/02,P19498,3.99
9414192541,T08055,2015/09/07,P02291,0.99
9414192541,T09962,2015/11/04,P82222,10.99
9414192541,T11531,2017/05/02,P39328,7.99
9414192541,T21321,2017/07/26,P19498,14.99
9414192541,T33137,2015/00/06,P02291,18.99
9414192541,T38287,2018/10/23,P32565,13.99
9414192541,T18350,2015/01/10,P92449,14.99
9414192541,T48489,2013/08/24,P82222,5.99
9414192541,T26119,2014/03/02,P61235,13.99
9414192541,T36476,2017/04/24,P02291,11.99
9414192541,T46586,2014/05/26,P82222,11.99
9414192541,T20488,2017/06/01,P76615,13.99
9414192541,T12119,2016/00/04,P33162,4.99
9414192541,T33546,2017/09/01,P32565,12.99
9414192541,T31898,2016/01/12,P33162,3.99
9414192541,T16675,2015/10/25,P92449,13.99
9414192541,T47087,2014/11/11,P82222,13.99
9414192541,T18353,2014/02/27,P02291,6.99
9567628724,T39722,2015/03/27,P58225,10.99
9567628724,T36185,2014/06/06,P19498,14.99
9567628724,T29897,2017/05/01,P33162,16.99
9567628724,T30781,2015/09/04,P92449,14.99
9567628724,T30071,2015/06/17,P76615,2.99
9567628724,T28001,2016/02/00,P61235,19.99
9567628724,T05187,2014/07/05,P76615,17.99
9567628724,T25858,2018/00/15,P92449,14.99
9567628724,T18896,2016/05/27,P32565,7.99
9567628724,T39655,2014/00/02,P76615,7.99
9567628724,T32849,2013/00/02,P82222,13.99
9567628724,T12820,2017/10/18,P76615,15.99
9567628724,T29078,2015/07/11,P19498,13.99
9567628724,T23891,2015/10/13,P58225,0.99
9567628724,T48853,2013/02/08,P32565,10.99
9567628724,T45145,2014/00/27,P39328,16.99
9567628724,T18078,2014/02/19,P19498,16.99
9567628724,T26927,2014/00/03,P02291,3.99
9567628724,T18847,2017/03/15,P76615,19.99
9567628724,T18067,2015/11/17,P82222,1.99
9582146098,T45026,2016/04/08,P02291,16.99
9582146098,T30710,2014/03/25,P02291,20.99
9582146098,T39306,2017/02/08,P76615,4.99
9582146098,T17225,2018/04/16,P19498,13.99
9582146098,T38277,2016/06/21,P61235,7.99
9582146098,T26826,2017/01/12,P19498,5.99
9582146098,T45413,2014/06/17,P32565,8.99
9582146098,T31174,2013/04/06,P33162,2.99
9582146098,T33623,2017/05/25,P76615,5.99
9582146098,T45410,2014/07/25,P82222,0.99
9582146098,T25298,2013/04/13,P32565,6.99
9582146098,T41699,2014/08/01,P76615,3.99
9582146098,T38595,2014/05/01,P02291,8.99
9582146098,T46812,2016/03/11,P61235,16.99
9582146098,T39478,2014/05/22,P61235,10.99
9582146098,T30014,2013/02/17,P39328,16.99
9582146098,T40758,2016/10/13,P33162,12.99
9582146098,T20720,2018/01/18,P61235,17.99
9582146098,T20932,2014/10/10,P82222,5.99
9582146098,T01682,2015/10/09,P58225,15.99
9582146098,T36872,2014/09/08,P39328,14.99
9582146098,T48167,2015/02/12,P76615,8.99
9582146098,T11365,2016/02/11,P32565,9.99
9582146098,T28010,2017/03/16,P92449,14.99
9582146098,T33358,2014/06/23,P58225,13.99
9736259791,T03670,2017/02/07,P61235,6.99
9736259791,T00863,2014/05/23,P19498,11.99
9736259791,T09659,2014/10/06,P33162,6.99
9736259791,T17250,2016/11/13,P58225,20.99
9736259791,T14487,2014/07/03,P02291,0.99
9888781416,T49592,2015/09/05,P61235,18.99
9888781416,T18214,2015/07/00,P32565,7.99
9888781416,T32169,2017/08/16,P33162,8.99
9888781416,T41621,2013/09/18,P32565,4.99
9888781416,T27794,2017/09/03,P39328,7.99
9888781416,T08963,2014/03/07,P76615,5.99
9888781416,T19524,2013/06/05,P82222,11.99
9888781416,T06635,2014/01/05,P39328,3.99
9888781416,T17410,2018/10/05,P32565,5.99
9888781416,T38828,2018/04/00,P19498,9.99
